TITLE,AUTHOR
Book A,Author A
The Lord of the Rings,J.R.R. Tolkien
The Fellowship of the Ring,J.R.R. Tolkien
The Two Towers,J.R.R. Tolkien
The Return of the King,J.R.R. Tolkien
Novels (Hobbit / Lord of the Rings),J.R.R. Tolkien
The Hobbit,J.R.R. Tolkien
The Return of the Shadow,J.R.R. Tolkien
The Lord of the Rings,Chris Conkling
Bored of the Rings,Henry Beard
The lord of the rings,Brian Sibley
The War of the Ring,J.R.R. Tolkien
The Lord of the Rings,Patrick Gardner
The lord of the rings,Wayne G. Hammond
The Lord of the Ring,Phil Anderson
The lord of the rings,Jude Fisher
The Lord of the Rings - The Two Towers,Alessio Cavatore
Poems from The lord of the rings,J.R.R. Tolkien
The Lord of the Rings Trilogy,Cedco Publishing
The Lord of the Rings,Unknown
The Lord of the Rings,Elijah Wood
The Lord of the Rings,Liv Tyler
The Lord of the Rings,Unknown
The Lord of the Rings,Unknown
THE LORD OF THE RINGS,Unknown
The Lord of the Rings,Wendy Conklin
The Lord of the Rings,J.R.R. Tolkien
The Lord of the Rings,Brian Sibley
Les Trois Mousquetaires,Alexandre Dumas
The Lord of the Rings,Ian Brodie
The Lord of the Rings,Jane Chance
The Lord of the Rings,New Line Cinema
The lord of the rings ,various 
The Lord of the Rings,J.R.R Tolkien
The lord of the rings,J.R.R. Tolkien
The Lord of the Rings / The Hobbit,Coles Editorial Board
The Lord of the Rings,Unknown
The Lord of the Rings,Elijah Wood
The Lord of the rings online,Michael Searle
The Lord of the Rings and Catholicism,Madeleine Dobrowski
Study Guide,SuperSummary
"The lord of the rings, J.R.R. Tolkien",Patrick Gardner
The Lord of the Rings,Ernest Mathijs
"The lord of the rings, J.R.R. Tolkien",Patrick Gardner
The Lord of the rings location guidebook,Ian Brodie
Finding God in the Lord of the Rings,Kurt Bruner
The Lord of the rings,John Farrell
"The lord of the rings, J.R.R. Tolkien",Patrick Gardner
The Lord Of The Rings TCG,Various
The Lord of the Rings location guidebook,Ian Brodie
Understanding The lord of the rings,Rose A. Zimbardo
The Lord of the Rings Sketchbook,Alan Lee
The complete poetical works,Robert Burns
The Tolkien Relation,William Bernard Ready
Lord of the Rings Trivia : the Lord of the Rings Facts and Quizzes,Taylor MAELEE
Lord of the Rings Film Facts : Everything for the Lord of the Rings Fans,Butcher MARTESHA
Studying the Lord of the Rings,Anna Dawson
"The ""Lord of the Rings"" Sketchbook",Alan Lee
The Lord of the Rings Journal,Unknown
"Studying the ""Lord of the Rings""",Anna Dawson
The Lord of the rings tarot,Terry Donaldson
The Lord of the Rings Journal,Cedco Publishing
The Lord of the Rings Oracle,Unknown
"The ""Lord of the Rings"" Oracle",Terry Donaldson
The Lord Of The Rings' Metaphors,Rolf A. F. Witzsche
The Treason of Isengard,J.R.R. Tolkien
"The Lord of the Rings, Part 1",J.R.R. Tolkien
Watching the Lord of the rings,Martin Barker
Watching the Lord of the rings,Martin Barker
The Lord of the Rings 2002 Calendar,Unknown
The Lord Of The Rings Part One,J.R.R. Tolkien
The Lord of the Rings,Rick Priestly
The Lord of the rings,David Brawn
The Lord of the Rings / The Hobbit,Coles Editorial Board
The Lord of the Rings and The Hobbit,Gene B. Hardy
Tolkien's The Lord of the Rings and The hobbit,Gene B. Hardy
Tolkien,Lin Carter
Art of the Lord of the Rings,J.R.R. Tolkien
The Lord of the Rings,Ted Nasmith
The Lord of the Rings The Fellowship of the Ring Photo Guide,Alison Sage
Tolkien and the Lord of the rings,Colin Duriez
The lords of the rings,Vyv Simson
The Lord of the rings location guidebook,Ian Brodie
The Art of The Lord of the Rings,Gary Russell
The QPB companion to The Lord of the rings,Brandon Geist
Reading The lord of the rings,Robert Eaglestone
"The Lord of the Rings, The Hobbit",Coles Editorial Board
Tolkien's The Lord of the Rings,Stratford Caldecott
Understanding The lord of the rings,Ted Hodges
The Lord of the Rings - War of the Ring,Mark Cohen
The lord of the rings.,Unknown
History of the Lord of the Rings,Christopher Tolkien
J. R. R. Tolkien's The Lord of the Rings,Harold Bloom
The Lord of the Rings. Appendices,J.R.R. Tolkien
The Lord of the Rings,David Brawn
Art of the Lord of the Rings,Daniel Falconer
Discovering the Lord of the Rings World : Questions and Answers on All Things the Lord of the Rings,Gilbert Cicconi
The Lord of the Rings Box Set,Unknown
The Lord of the Rings 2005 Calendar,Unknown
Who is the Lord of the Ring?,Ray Comfort
"Myth, Symbol & religion in The lord of the rings",Sandra Miesel
